10pcs 0.5 0.6 0.7mm HSS Straight Shank Twist Drill Tool Small Set Steel,'264851308283,$1.12 ,Product Photography,https://domain-name.com/images/10pcs-0-5-0-6-0-7mm-hss-straight-shank-twist-drill-tool-small-set-steel.jpg,hss straight shank twist,Attention:This is just for 0. 5mmif you need other sizeplease contact us 100% new high quality Tiny HSS drill bits offer the best heat resistance and good performance for drilling. Good toughness wear resistance strong drilling capacity. Full grinding drilling fast. High quality and extra long life. 10 drill bits stored in sealed package with good protection Color as shown Material: HSS Drilling diameter: 0. 5mm0. 6mm0. 7mm Uses: Suit to drilling iron steel aluminum plastic wood and other. Suitable for a small object processing Packing:10pcs x twist drills packed with plastic box and other accessories are not included,"<p><img src=""https://domain-name.com/images/10pcs-0-5-0-6-0-7mm-hss-straight-shank-twist-drill-tool-small-set-steel.jpg"" alt=""10pcs 0.5 0.6 0.7mm HSS Straight Shank Twist Drill Tool Small Set Steel""></p><p>Attention:This is just for 0. 5mmif you need other sizeplease contact us 100% new high quality Tiny HSS drill bits offer the best heat resistance and good performance for drilling. Good toughness wear resistance strong drilling capacity. Full grinding drilling fast. High quality and extra long life. 10 drill bits stored in sealed package with good protection Color as shown Material: HSS Drilling diameter: 0. 5mm0. 6mm0. 7mm Uses: Suit to drilling iron steel aluminum plastic wood and other. Suitable for a small object processing Packing:10pcs x twist drills packed with plastic box and other accessories are not included <a style=""text-decoration:none; font-size:18px;"" href=""https://domain-name.com/?s=10pcs+0.5+0.6+0.7mm+hss+straight+shank+twist+drill+tool+small+set+steel"" title=""10pcs 0.5 0.6 0.7mm HSS Straight Shank Twist Drill Tool Small Set Steel"" rel=""nofollow"">More Details</a></p>","<p><img src=""https://domain-name.com/images/10pcs-0-5-0-6-0-7mm-hss-straight-shank-twist-drill-tool-small-set-steel.jpg"" alt=""10pcs 0.5 0.6 0.7mm HSS Straight Shank Twist Drill Tool Small Set Steel""></p><p>Attention:This is just for 0. 5mmif ..."
24 New open box HSS Straight shank twist drill bits,'114655683961,$66.00 ,Product Photography,https://domain-name.com/images/24-new-open-box-hss-straight-shank-twist-drill-bits.jpg,hss straight shank twist,24 New open box Straight shank twist drill bits HSS 3 8see pictures for accurate description condition,"<p><img src=""https://domain-name.com/images/24-new-open-box-hss-straight-shank-twist-drill-bits.jpg"" alt=""24 New open box HSS Straight shank twist drill bits""></p><p>24 New open box Straight shank twist drill bits HSS 3 8see pictures for accurate description condition <a style=""text-decoration:none; font-size:18px;"" href=""https://domain-name.com/?s=24+new+open+box+hss+straight+shank+twist+drill+bits"" title=""24 New open box HSS Straight shank twist drill bits"" rel=""nofollow"">More Details</a></p>","<p><img src=""https://domain-name.com/images/24-new-open-box-hss-straight-shank-twist-drill-bits.jpg"" alt=""24 New open box HSS Straight shank twist drill bits""></p><p>24 New open box Straight shank ..."
Khorne Beer Mug Warhammer Beer Stein Gamer Gift Warhammer 40k Geek Tankard,'254881295886,$31.99 ,Product Photography,https://domain-name.com/images/khorne-beer-mug-warhammer-beer-stein-gamer-gift-warhammer-40k-geek-tankard.jpg,warhammer beer stein,Khorne Beer Mug Warhammer Beer Stein Gamer Gift Warhammer 40k Geek Tankard,"<p><img src=""https://domain-name.com/images/khorne-beer-mug-warhammer-beer-stein-gamer-gift-warhammer-40k-geek-tankard.jpg"" alt=""Khorne Beer Mug Warhammer Beer Stein Gamer Gift Warhammer 40k Geek Tankard""></p><p>Khorne Beer Mug Warhammer Beer Stein Gamer Gift Warhammer 40k Geek Tankard <a style=""text-decoration:none; font-size:18px;"" href=""https://domain-name.com/?s=khorne+beer+mug+warhammer+beer+stein+gamer+gift+warhammer+40k+geek+tankard"" title=""Khorne Beer Mug Warhammer Beer Stein Gamer Gift Warhammer 40k Geek Tankard"" rel=""nofollow"">More Details</a></p>","<p><img src=""https://domain-name.com/images/khorne-beer-mug-warhammer-beer-stein-gamer-gift-warhammer-40k-geek-tankard.jpg"" alt=""Khorne Beer Mug Warhammer Beer Stein Gamer Gift Warhammer 40k Geek Tankard""></p><p>Khorne Beer Mug Warhammer Beer Stein ..."
24k Gold Dipped Rose Flower Artificial Flowers Eternal Rose With Stand Forever L,'224302496186,$38.08 ,Product Photography,https://domain-name.com/images/24k-gold-dipped-rose-flower-artificial-flowers-eternal-rose-with-stand-forever-l.jpg,pink gold rose,24k Gold Dipped Rose Flower Artificial Flowers Eternal Rose With Stand Forever L,"<p><img src=""https://domain-name.com/images/24k-gold-dipped-rose-flower-artificial-flowers-eternal-rose-with-stand-forever-l.jpg"" alt=""24k Gold Dipped Rose Flower Artificial Flowers Eternal Rose With Stand Forever L""></p><p>24k Gold Dipped Rose Flower Artificial Flowers Eternal Rose With Stand Forever L <a style=""text-decoration:none; font-size:18px;"" href=""https://domain-name.com/?s=24k+gold+dipped+rose+flower+artificial+flowers+eternal+rose+with+stand+forever+l"" title=""24k Gold Dipped Rose Flower Artificial Flowers Eternal Rose With Stand Forever L"" rel=""nofollow"">More Details</a></p>","<p><img src=""https://domain-name.com/images/24k-gold-dipped-rose-flower-artificial-flowers-eternal-rose-with-stand-forever-l.jpg"" alt=""24k Gold Dipped Rose Flower Artificial Flowers Eternal Rose With Stand Forever L""></p><p>24k Gold Dipped Rose Flower Artificial ..."
Steel Gold Wire Pottery Handle Stir Flower Rose Spoon Portable N1E6,'143845247359,$2.08 ,Product Photography,https://domain-name.com/images/steel-gold-wire-pottery-handle-stir-flower-rose-spoon-portable-n1e6.jpg,pink gold rose,100% high quality materials Hand painted golden patterns bronzing quality. Exquisite insertion handle technology stable connection. Will not fall off easily. Type: steel spoon Material: steel ceramic Size: 12cm2.7cm Style: black gold cherry blossom platinum cherry blossom pink gold cherry blossom black gold rose white gold rose pink gold rose Package Included: 1 x steel spoon note: 1. Due to the difference in light and screen the color of the project may be slightly different from the picture. 2. Due to manual measurement please allow a difference of 0.5 2 cm. Dear buyerWelcome to our store. There are so many useful and cheap item in our store. If you need more this item you can contact us.we will give you our best price. Way: Contacting us by messages,"<p><img src=""https://domain-name.com/images/steel-gold-wire-pottery-handle-stir-flower-rose-spoon-portable-n1e6.jpg"" alt=""Steel Gold Wire Pottery Handle Stir Flower Rose Spoon Portable N1E6""></p><p>100% high quality materials Hand painted golden patterns bronzing quality. Exquisite insertion handle technology stable connection. Will not fall off easily. Type: steel spoon Material: steel ceramic Size: 12cm2.7cm Style: black gold cherry blossom platinum cherry blossom pink gold cherry blossom black gold rose white gold rose pink gold rose Package Included: 1 x steel spoon note: 1. Due to the difference in light and screen the color of the project may be slightly different from the picture. 2. Due to manual measurement please allow a difference of 0.5 2 cm. Dear buyerWelcome to our store. There are so many useful and cheap item in our store. If you need more this item you can contact us.we will give you our best price. Way: Contacting us by messages <a style=""text-decoration:none; font-size:18px;"" href=""https://domain-name.com/?s=steel+gold+wire+pottery+handle+stir+flower+rose+spoon+portable+n1e6"" title=""Steel Gold Wire Pottery Handle Stir Flower Rose Spoon Portable N1E6"" rel=""nofollow"">More Details</a></p>","<p><img src=""https://domain-name.com/images/steel-gold-wire-pottery-handle-stir-flower-rose-spoon-portable-n1e6.jpg"" alt=""Steel Gold Wire Pottery Handle Stir Flower Rose Spoon Portable N1E6""></p><p>100% high quality materials Hand painted ..."
Space Wolves Beer Mug Warhammer Beer Stein Gamer Gift Warhammer 40k Tankard,'254881223873,$28.99 ,Product Photography,https://domain-name.com/images/space-wolves-beer-mug-warhammer-beer-stein-gamer-gift-warhammer-40k-tankard.jpg,warhammer beer stein,Space Wolves Beer Mug Warhammer Beer Stein Gamer Gift Warhammer 40k Tankard,"<p><img src=""https://domain-name.com/images/space-wolves-beer-mug-warhammer-beer-stein-gamer-gift-warhammer-40k-tankard.jpg"" alt=""Space Wolves Beer Mug Warhammer Beer Stein Gamer Gift Warhammer 40k Tankard""></p><p>Space Wolves Beer Mug Warhammer Beer Stein Gamer Gift Warhammer 40k Tankard <a style=""text-decoration:none; font-size:18px;"" href=""https://domain-name.com/?s=space+wolves+beer+mug+warhammer+beer+stein+gamer+gift+warhammer+40k+tankard"" title=""Space Wolves Beer Mug Warhammer Beer Stein Gamer Gift Warhammer 40k Tankard"" rel=""nofollow"">More Details</a></p>","<p><img src=""https://domain-name.com/images/space-wolves-beer-mug-warhammer-beer-stein-gamer-gift-warhammer-40k-tankard.jpg"" alt=""Space Wolves Beer Mug Warhammer Beer Stein Gamer Gift Warhammer 40k Tankard""></p><p>Space Wolves Beer Mug Warhammer Beer ..."
Word Bearers Mug Warhammer Beer Stein Gamer Gift Warhammer 40k Geek Tankard,'265068456426,$31.99 ,Product Photography,https://domain-name.com/images/word-bearers-mug-warhammer-beer-stein-gamer-gift-warhammer-40k-geek-tankard.jpg,warhammer beer stein,Store Worldwide Delivery Replace or Refund Guaranteed 50k Products Sold Super Low Prices 99% Positive Feedback Handmade Product Whats in Store? Video Games Movies Cartoons Sport Music Bands Celtic Beer Labels Holidays Gift For Man Groomsman Characteristics s Material Natural wood oak. s Copper label. s The insert of the mug stainless steel. s Perfect for beer water and other drinks. s The amount of liquid 22 ounces or 0.65 liters. Care s Do not wash in the dishwasher. s Use non abrasive detergent for wash. s Store in a dry place. Bestsellers Feedback Its way bigger than expected but it looks really cool. Packaging was also top notch. Really beautiful craftsmanship. Bought as a gift and they love it. I love it It was a gift for my son and he absolutely loves it GREAT product Looks awesome and good quality. An awesome mug Bigger than expected rustic and exactly what I hoped for Exactly as I imagined and i love it Cant wait to give it as a gift About Wooden Mugs A wooden mug can be a really great gift for you or for your close ones. Our high class engraving will always be a reminder of the happy events in your life. This is a very useful mug because it has a stainless steel coating inside which helps to keep your beer cold for a long period of time. This Beer Mug is perfect for everyday use. It can be a stunning and unique gift for any occasion like Christmas Birthday Anniversary Fathers Day or just gift for him. The Best Gift for the groom to the wedding the grooms best man and etc. Similar Designs Need Your Own Design? We can create any design for FREE Send message Want to Buy More Than 5 Mugs? Dont miss your Discount Send message Worldwide Airmail Shipping Shipping to the US usually takes 10 21 days. Europe: 8 18 days. Other countries: 10 35 days. Store Similar Designs,"<p><img src=""https://domain-name.com/images/word-bearers-mug-warhammer-beer-stein-gamer-gift-warhammer-40k-geek-tankard.jpg"" alt=""Word Bearers Mug Warhammer Beer Stein Gamer Gift Warhammer 40k Geek Tankard""></p><p>Store Worldwide Delivery Replace or Refund Guaranteed 50k Products Sold Super Low Prices 99% Positive Feedback Handmade Product Whats in Store? Video Games Movies Cartoons Sport Music Bands Celtic Beer Labels Holidays Gift For Man Groomsman Characteristics s Material Natural wood oak. s Copper label. s The insert of the mug stainless steel. s Perfect for beer water and other drinks. s The amount of liquid 22 ounces or 0.65 liters. Care s Do not wash in the dishwasher. s Use non abrasive detergent for wash. s Store in a dry place. Bestsellers Feedback Its way bigger than expected but it looks really cool. Packaging was also top notch. Really beautiful craftsmanship. Bought as a gift and they love it. I love it It was a gift for my son and he absolutely loves it GREAT product Looks awesome and good quality. An awesome mug Bigger than expected rustic and exactly what I hoped for Exactly as I imagined and i love it Cant wait to give it as a gift About Wooden Mugs A wooden mug can be a really great gift for you or for your close ones. Our high class engraving will always be a reminder of the happy events in your life. This is a very useful mug because it has a stainless steel coating inside which helps to keep your beer cold for a long period of time. This Beer Mug is perfect for everyday use. It can be a stunning and unique gift for any occasion like Christmas Birthday Anniversary Fathers Day or just gift for him. The Best Gift for the groom to the wedding the grooms best man and etc. Similar Designs Need Your Own Design? We can create any design for FREE Send message Want to Buy More Than 5 Mugs? Dont miss your Discount Send message Worldwide Airmail Shipping Shipping to the US usually takes 10 21 days. Europe: 8 18 days. Other countries: 10 35 days. Store Similar Designs <a style=""text-decoration:none; font-size:18px;"" href=""https://domain-name.com/?s=word+bearers+mug+warhammer+beer+stein+gamer+gift+warhammer+40k+geek+tankard"" title=""Word Bearers Mug Warhammer Beer Stein Gamer Gift Warhammer 40k Geek Tankard"" rel=""nofollow"">More Details</a></p>","<p><img src=""https://domain-name.com/images/word-bearers-mug-warhammer-beer-stein-gamer-gift-warhammer-40k-geek-tankard.jpg"" alt=""Word Bearers Mug Warhammer Beer Stein Gamer Gift Warhammer 40k Geek Tankard""></p><p>Store Worldwide Delivery Replace or Refund ..."
100x HSS Straight Shank Twist Drill Bit Electrical Auger Drilling Tool 0.3 3.0mm,'223215349329,$4.00 ,Product Photography,https://domain-name.com/images/100x-hss-straight-shank-twist-drill-bit-electrical-auger-drilling-tool-0-3-3-0mm.jpg,hss straight shank twist,Material : HSS 4341SizeTotal Lenght0. 3mm22mm0. 4mm22mm0. 5mm22mm0. 6mm23mm0. 7mm26mm0. 8mm27mm0. 9mm32mm1. 0mm34mm1. 1mm38mm1. 2mm38mm1. 3mm38mm1. 4mm39mm1. 5mm40mm1. 6mm42mm1. 7mm42mm1. 8mm45mm1. 9mm49mm2. 0mm49mm2. 1mm53mm2. 2mm53mm2. 3mm53mm2. 4mm53mm2. 5mm57mm2. 6mm61mm2. 7mm61mm2. 8mm61mm2. 9mm61mm3. 0mm61mm,"<p><img src=""https://domain-name.com/images/100x-hss-straight-shank-twist-drill-bit-electrical-auger-drilling-tool-0-3-3-0mm.jpg"" alt=""100x HSS Straight Shank Twist Drill Bit Electrical Auger Drilling Tool 0.3 3.0mm""></p><p>Material : HSS 4341SizeTotal Lenght0. 3mm22mm0. 4mm22mm0. 5mm22mm0. 6mm23mm0. 7mm26mm0. 8mm27mm0. 9mm32mm1. 0mm34mm1. 1mm38mm1. 2mm38mm1. 3mm38mm1. 4mm39mm1. 5mm40mm1. 6mm42mm1. 7mm42mm1. 8mm45mm1. 9mm49mm2. 0mm49mm2. 1mm53mm2. 2mm53mm2. 3mm53mm2. 4mm53mm2. 5mm57mm2. 6mm61mm2. 7mm61mm2. 8mm61mm2. 9mm61mm3. 0mm61mm <a style=""text-decoration:none; font-size:18px;"" href=""https://domain-name.com/?s=100x+hss+straight+shank+twist+drill+bit+electrical+auger+drilling+tool+0.3+3.0mm"" title=""100x HSS Straight Shank Twist Drill Bit Electrical Auger Drilling Tool 0.3 3.0mm"" rel=""nofollow"">More Details</a></p>","<p><img src=""https://domain-name.com/images/100x-hss-straight-shank-twist-drill-bit-electrical-auger-drilling-tool-0-3-3-0mm.jpg"" alt=""100x HSS Straight Shank Twist Drill Bit Electrical Auger Drilling Tool 0.3 3.0mm""></p><p>Material : HSS 4341SizeTotal Lenght0. 3mm22mm0. ..."
No Touch Door Opener Touch Screen 4 Pieces Sliver Pink Gold Rose Gold Stud,'143850513630,$8.99 ,Product Photography,https://domain-name.com/images/no-touch-door-opener-touch-screen-4-pieces-sliver-pink-gold-rose-gold-stud.jpg,pink gold rose,No Touch Door Opener Touch Screen 4 Pieces Sliver Pink Gold Rose Gold Stud. Condition is New. Shipped with USPS First Class.,"<p><img src=""https://domain-name.com/images/no-touch-door-opener-touch-screen-4-pieces-sliver-pink-gold-rose-gold-stud.jpg"" alt=""No Touch Door Opener Touch Screen 4 Pieces Sliver Pink Gold Rose Gold Stud""></p><p>No Touch Door Opener Touch Screen 4 Pieces Sliver Pink Gold Rose Gold Stud. Condition is New. Shipped with USPS First Class. <a style=""text-decoration:none; font-size:18px;"" href=""https://domain-name.com/?s=no+touch+door+opener+touch+screen+4+pieces+sliver+pink+gold+rose+gold+stud"" title=""No Touch Door Opener Touch Screen 4 Pieces Sliver Pink Gold Rose Gold Stud"" rel=""nofollow"">More Details</a></p>","<p><img src=""https://domain-name.com/images/no-touch-door-opener-touch-screen-4-pieces-sliver-pink-gold-rose-gold-stud.jpg"" alt=""No Touch Door Opener Touch Screen 4 Pieces Sliver Pink Gold Rose Gold Stud""></p><p>No Touch Door Opener Touch Screen ..."
11.2mm Diameter HSS Straight Shank Twist Drilling Bit for Electric Drills,'351220036267,$12.77 ,Product Photography,https://domain-name.com/images/11-2mm-diameter-hss-straight-shank-twist-drilling-bit-for-electric-drills.jpg,hss straight shank twist,11.2mm Diameter HSS Straight Shank Twist Drilling Bit for Electric Drills,"<p><img src=""https://domain-name.com/images/11-2mm-diameter-hss-straight-shank-twist-drilling-bit-for-electric-drills.jpg"" alt=""11.2mm Diameter HSS Straight Shank Twist Drilling Bit for Electric Drills""></p><p>11.2mm Diameter HSS Straight Shank Twist Drilling Bit for Electric Drills <a style=""text-decoration:none; font-size:18px;"" href=""https://domain-name.com/?s=11.2mm+diameter+hss+straight+shank+twist+drilling+bit+for+electric+drills"" title=""11.2mm Diameter HSS Straight Shank Twist Drilling Bit for Electric Drills"" rel=""nofollow"">More Details</a></p>","<p><img src=""https://domain-name.com/images/11-2mm-diameter-hss-straight-shank-twist-drilling-bit-for-electric-drills.jpg"" alt=""11.2mm Diameter HSS Straight Shank Twist Drilling Bit for Electric Drills""></p><p>11.2mm Diameter HSS Straight Shank Twist ..."
Tau Beer Mug Warhammer Beer Stein Gamer Gift Warhammer 40k Tankard,'254881265661,$31.99 ,Product Photography,https://domain-name.com/images/tau-beer-mug-warhammer-beer-stein-gamer-gift-warhammer-40k-tankard.jpg,warhammer beer stein,Tau Beer Mug Warhammer Beer Stein Gamer Gift Warhammer 40k Tankard,"<p><img src=""https://domain-name.com/images/tau-beer-mug-warhammer-beer-stein-gamer-gift-warhammer-40k-tankard.jpg"" alt=""Tau Beer Mug Warhammer Beer Stein Gamer Gift Warhammer 40k Tankard""></p><p>Tau Beer Mug Warhammer Beer Stein Gamer Gift Warhammer 40k Tankard <a style=""text-decoration:none; font-size:18px;"" href=""https://domain-name.com/?s=tau+beer+mug+warhammer+beer+stein+gamer+gift+warhammer+40k+tankard"" title=""Tau Beer Mug Warhammer Beer Stein Gamer Gift Warhammer 40k Tankard"" rel=""nofollow"">More Details</a></p>","<p><img src=""https://domain-name.com/images/tau-beer-mug-warhammer-beer-stein-gamer-gift-warhammer-40k-tankard.jpg"" alt=""Tau Beer Mug Warhammer Beer Stein Gamer Gift Warhammer 40k Tankard""></p><p>Tau Beer Mug Warhammer Beer Stein ..."
1Pcs Stainless Steel Gold Wire Pottery Handle Stir Flower csj Spoon S7E6,'143737365061,$5.18 ,Product Photography,https://domain-name.com/images/1pcs-stainless-steel-gold-wire-pottery-handle-stir-flower-csj-spoon-s7e6.jpg,pink gold rose,For your attention We are professional seller. we will be ready to reply you ASAP.,"<p><img src=""https://domain-name.com/images/1pcs-stainless-steel-gold-wire-pottery-handle-stir-flower-csj-spoon-s7e6.jpg"" alt=""1Pcs Stainless Steel Gold Wire Pottery Handle Stir Flower csj Spoon S7E6""></p><p>For your attention We are professional seller. we will be ready to reply you ASAP. <a style=""text-decoration:none; font-size:18px;"" href=""https://domain-name.com/?s=1pcs+stainless+steel+gold+wire+pottery+handle+stir+flower+csj+spoon+s7e6"" title=""1Pcs Stainless Steel Gold Wire Pottery Handle Stir Flower csj Spoon S7E6"" rel=""nofollow"">More Details</a></p>","<p><img src=""https://domain-name.com/images/1pcs-stainless-steel-gold-wire-pottery-handle-stir-flower-csj-spoon-s7e6.jpg"" alt=""1Pcs Stainless Steel Gold Wire Pottery Handle Stir Flower csj Spoon S7E6""></p><p>For your attention We are professional ..."
Presto 01370 8 Quart Stainless Steel Pressure Cooker 18 10 Steel 7.6 liters,'284212821814,$58.95 ,Product Photography,https://domain-name.com/images/presto-01370-8-quart-stainless-steel-pressure-cooker-18-10-steel-7-6-liters.jpg,presto electric cooker,1 cooker unit PLEASE SEE PHOTOS FOR WHAT IS INCLUDED. Please do NOT ASSUME an item is included if it is not in the photo. Packaging Opened manufacturer Packaging. Sign on Delivery If the item value is $750 or greater signature will be required at delivery. Brand Presto Model 1370 Color Silver UPC 75741013701 ASIN B0000Z6JIW Dollarhog has partnered with some of the Nations largest retailers and distributors to aggressively liquidate consumer merchandise. This merchandise is generally customer returns overstock items or retail shelf pulls. We personally understand the importance of saving money while getting a quality product. That philosophy inspired family owned Dollarhog. We enjoy helping others save money and hope to do so for many years. We appreciate your business,"<p><img src=""https://domain-name.com/images/presto-01370-8-quart-stainless-steel-pressure-cooker-18-10-steel-7-6-liters.jpg"" alt=""Presto 01370 8 Quart Stainless Steel Pressure Cooker 18 10 Steel 7.6 liters""></p><p>1 cooker unit PLEASE SEE PHOTOS FOR WHAT IS INCLUDED. Please do NOT ASSUME an item is included if it is not in the photo. Packaging Opened manufacturer Packaging. Sign on Delivery If the item value is $750 or greater signature will be required at delivery. Brand Presto Model 1370 Color Silver UPC 75741013701 ASIN B0000Z6JIW Dollarhog has partnered with some of the Nations largest retailers and distributors to aggressively liquidate consumer merchandise. This merchandise is generally customer returns overstock items or retail shelf pulls. We personally understand the importance of saving money while getting a quality product. That philosophy inspired family owned Dollarhog. We enjoy helping others save money and hope to do so for many years. We appreciate your business <a style=""text-decoration:none; font-size:18px;"" href=""https://domain-name.com/?s=presto+01370+8+quart+stainless+steel+pressure+cooker+18+10+steel+7.6+liters"" title=""Presto 01370 8 Quart Stainless Steel Pressure Cooker 18 10 Steel 7.6 liters"" rel=""nofollow"">More Details</a></p>","<p><img src=""https://domain-name.com/images/presto-01370-8-quart-stainless-steel-pressure-cooker-18-10-steel-7-6-liters.jpg"" alt=""Presto 01370 8 Quart Stainless Steel Pressure Cooker 18 10 Steel 7.6 liters""></p><p>1 cooker unit PLEASE SEE PHOTOS ..."
Versatile storage desk and chairs ideal for art crafts lego homeschool,'324491083520,$300.00 ,Product Photography,https://domain-name.com/images/versatile-storage-desk-and-chairs-ideal-for-art-crafts-lego-homeschool.jpg,art desk kids,Versatile storage desk and chairs ideal for art crafts lego homeschool. Condition is Used. Local pickup in Winter Garden FL Table: 52w x 34d x 26 h Chairs: 16w x 17d x 16 h to seat 31h seat back This amazing and unique storage table and chairs is perfect for a playroom or bonus room. While it is for kids adults can fit too Perfect as a lego table arts and crafts table school table anything you can think of Has opening on top for computer or electric cords too. Both chairs have storage room underneath too. Very solid and heavy. Some signs of wear on the finish see last two pics but otherwise in perfect structural condition. Would be a fun refinishing project,"<p><img src=""https://domain-name.com/images/versatile-storage-desk-and-chairs-ideal-for-art-crafts-lego-homeschool.jpg"" alt=""Versatile storage desk and chairs ideal for art crafts lego homeschool""></p><p>Versatile storage desk and chairs ideal for art crafts lego homeschool. Condition is Used. Local pickup in Winter Garden FL Table: 52w x 34d x 26 h Chairs: 16w x 17d x 16 h to seat 31h seat back This amazing and unique storage table and chairs is perfect for a playroom or bonus room. While it is for kids adults can fit too Perfect as a lego table arts and crafts table school table anything you can think of Has opening on top for computer or electric cords too. Both chairs have storage room underneath too. Very solid and heavy. Some signs of wear on the finish see last two pics but otherwise in perfect structural condition. Would be a fun refinishing project <a style=""text-decoration:none; font-size:18px;"" href=""https://domain-name.com/?s=versatile+storage+desk+and+chairs+ideal+for+art+crafts+lego+homeschool"" title=""Versatile storage desk and chairs ideal for art crafts lego homeschool"" rel=""nofollow"">More Details</a></p>","<p><img src=""https://domain-name.com/images/versatile-storage-desk-and-chairs-ideal-for-art-crafts-lego-homeschool.jpg"" alt=""Versatile storage desk and chairs ideal for art crafts lego homeschool""></p><p>Versatile storage desk and chairs ideal ..."
NEW Presto Electric Deep Fryer Dual Daddy Cooker Home Kitchen Countertop Fries,'284212920057,$44.00 ,Product Photography,https://domain-name.com/images/new-presto-electric-deep-fryer-dual-daddy-cooker-home-kitchen-countertop-fries.jpg,presto electric cooker,Presto DualDaddy electric deep fryer 05450 The easy way to fry 2 foods at once.Oval shaped fryer with special divider that keeps foods separated.Divider removes for frying extra large batches or large pieces of chicken or fish.Huge capacity?fries up to 8 servings of french fries.Maintains ideal frying temperature automatically.Handy scoop lifts drains separates and serves.Nonstick surface inside and out for easy cleaning.Snap on lid allows oil to be stored in the fryer without spills or odor. Shipping We offer FREE shipping on all orders We ship within Three business days of.,"<p><img src=""https://domain-name.com/images/new-presto-electric-deep-fryer-dual-daddy-cooker-home-kitchen-countertop-fries.jpg"" alt=""NEW Presto Electric Deep Fryer Dual Daddy Cooker Home Kitchen Countertop Fries""></p><p>Presto DualDaddy electric deep fryer 05450 The easy way to fry 2 foods at once.Oval shaped fryer with special divider that keeps foods separated.Divider removes for frying extra large batches or large pieces of chicken or fish.Huge capacity?fries up to 8 servings of french fries.Maintains ideal frying temperature automatically.Handy scoop lifts drains separates and serves.Nonstick surface inside and out for easy cleaning.Snap on lid allows oil to be stored in the fryer without spills or odor. Shipping We offer FREE shipping on all orders We ship within Three business days of. <a style=""text-decoration:none; font-size:18px;"" href=""https://domain-name.com/?s=new+presto+electric+deep+fryer+dual+daddy+cooker+home+kitchen+countertop+fries"" title=""NEW Presto Electric Deep Fryer Dual Daddy Cooker Home Kitchen Countertop Fries"" rel=""nofollow"">More Details</a></p>","<p><img src=""https://domain-name.com/images/new-presto-electric-deep-fryer-dual-daddy-cooker-home-kitchen-countertop-fries.jpg"" alt=""NEW Presto Electric Deep Fryer Dual Daddy Cooker Home Kitchen Countertop Fries""></p><p>Presto DualDaddy electric deep fryer 05450 ..."
